theme_name;porte;problema;acoes
Liderança e Gestão;Pequeno;Gestores sem preparo formal em liderança;"Oferecer treinamentos básicos de liderança focados em gestão de pessoas e feedback; Implementar sessões de mentoria conduzidas por profissionais experientes do mercado; Criar avaliações simples de liderança (pesquisas pulse) para medir impacto e pontos de melhoria."
Liderança e Gestão;Pequeno;Acúmulo de funções gerenciais e operacionais;"Definir processos claros para delegação de tarefas; Criar rotina de reuniões semanais para revisar prioridades; Realizar análise de carga de trabalho e recomendar contratações quando necessário."
Liderança e Gestão;Pequeno;Decisões centralizadas no dono ou fundador;"Estabelecer política simples de autonomia para líderes de área; Realizar workshops sobre delegação e confiança; Criar um canal formal de comunicação de decisões estratégicas (ex.: mural ou grupo interno)."
Liderança e Gestão;Pequeno;Falta de sucessão de liderança;"Mapear possíveis sucessores internos e preparar plano de desenvolvimento individual; Definir substitutos temporários para funções críticas; Criar ritual semestral de revisão de sucessores."
Liderança e Gestão;Pequeno;Mistura de relações pessoais e profissionais;"Definir código de conduta simples, reforçando limites profissionais; Promover rodas de conversa sobre ética no ambiente de trabalho; Estabelecer canal confidencial de denúncia para casos de favorecimento."
Liderança e Gestão;Pequeno;Pouca clareza de metas e indicadores;"Implementar quadro visual simples de metas (ex.: planilha compartilhada); Treinar gestores para traduzir metas em entregáveis claros; Revisar mensalmente resultados com a equipe de forma transparente."
Liderança e Gestão;Médio;Gestores promovidos sem treinamento adequado;"Implementar programa estruturado de onboarding para novos líderes; Contratar treinamentos de gestão de pessoas e comunicação assertiva; Criar avaliação 360° anual de líderes."
Liderança e Gestão;Médio;Falta de clareza na definição de papéis e responsabilidades;"Formalizar descrições de cargo atualizadas; Implantar processo de RACI para projetos interdepartamentais; Realizar workshops de alinhamento entre áreas."
Liderança e Gestão;Médio;Dificuldade em alinhar estratégia com execução;"Estabelecer rituais trimestrais de comunicação da estratégia; Criar dashboards simples de acompanhamento de metas por área; Implementar reuniões mensais de alinhamento interequipes."
Liderança e Gestão;Médio;Gestores resistentes a mudanças;"Promover treinamentos de gestão de mudança; Criar grupo de gestores embaixadores da transformação; Definir métricas de adesão a mudanças em avaliações de desempenho."
Liderança e Gestão;Médio;Conflitos de poder entre gestores;"Criar instância formal de governança (comitê de gestão); Implantar política clara de tomada de decisão compartilhada; Estabelecer mediação de RH em conflitos críticos."
Liderança e Gestão;Médio;Rotatividade de lideranças;"Realizar entrevistas de desligamento específicas para líderes; Aplicar pesquisa de engajamento focada em gestores; Desenhar plano de retenção de líderes de alto impacto."
Liderança e Gestão;Médio;Falta de avaliação formal de desempenho da liderança;"Implementar avaliação de desempenho com foco em gestão de pessoas; Criar métricas de clima associadas ao desempenho de líderes; Realizar feedback estruturado semestral para cada gestor."
Liderança e Gestão;Grande;Burocracia e excesso de níveis hierárquicos;"Revisar periodicamente organogramas para identificar camadas redundantes; Criar programa de simplificação de processos; Estabelecer metas de eficiência ligadas à redução de burocracia."
Liderança e Gestão;Grande;Falta de proximidade entre líderes e equipes;"Implementar política de reuniões de liderança no chão de fábrica/escritório; Criar programa de ‘líder presente’ (walk the talk); Medir proximidade por meio de pesquisas pulse frequentes."
Liderança e Gestão;Grande;Políticas de liderança inconsistentes entre áreas;"Definir framework corporativo de liderança; Treinar líderes globais e locais para aplicação uniforme; Realizar auditorias internas para garantir consistência."
Liderança e Gestão;Grande;Excesso de foco em política corporativa;"Incluir métricas de colaboração em avaliações de desempenho; Criar programa de reconhecimento voltado a líderes que promovem cooperação; Estabelecer treinamentos sobre ética corporativa."
Liderança e Gestão;Grande;Liderança voltada apenas para números e resultados;"Balancear avaliação de líderes entre resultados e engajamento de pessoas; Definir KPIs de clima e retenção como parte das metas de liderança; Criar programa de desenvolvimento em liderança humanizada."
Liderança e Gestão;Grande;Baixa accountability dos líderes intermediários;"Implantar relatórios periódicos de resultados das áreas; Criar mecanismo de responsabilização clara (contratos de gestão); Estabelecer acompanhamento trimestral de metas individuais."
Liderança e Gestão;Grande;Dificuldade em desenvolver sucessores;"Implementar programa de sucessão estruturado; Mapear talentos internos e criar planos de desenvolvimento; Lançar programa de mentoria entre líderes seniores e potenciais sucessores."
Comunicação Interna;Pequeno;Comunicação informal sem registros;"Implementar atas simples ou resumos após reuniões; Criar canal digital único para comunicação oficial (ex.: Google Drive, grupo interno); Estabelecer rotina semanal de comunicação formal."
Comunicação Interna;Pequeno;Dependência de canais pessoais como WhatsApp;"Definir canal oficial de comunicação (ex.: e-mail ou intranet simples); Treinar gestores para não usar grupos pessoais; Estabelecer política clara sobre uso de ferramentas."
Comunicação Interna;Pequeno;Ruídos por falta de processos de comunicação;"Criar processo de comunicação de mudanças (quem comunica, como e quando); Estabelecer reunião semanal de alinhamento; Padronizar comunicados escritos."
Comunicação Interna;Pequeno;Excesso de comunicação verbal improvisada;"Estimular registro por escrito das decisões; Criar mural físico/digital com informações importantes; Estabelecer ritual de fechamento semanal com principais comunicados."
Comunicação Interna;Pequeno;Mistura entre assuntos pessoais e profissionais;"Definir código de conduta simples; Promover roda de conversa sobre comunicação profissional; Estabelecer canais separados para comunicação de trabalho."
Comunicação Interna;Pequeno;Falta de alinhamento em mudanças rápidas;"Criar checklist de comunicação em mudanças; Nomear responsável pela comunicação de cada alteração; Reforçar alinhamento em reuniões rápidas (daily/weekly)."
Comunicação Interna;Médio;Informações descentralizadas e pouco padronizadas;"Implantar manual de comunicação interna; Centralizar informações em intranet ou sistema de gestão; Padronizar templates de comunicados."
Comunicação Interna;Médio;Falta de alinhamento entre áreas;"Estabelecer reuniões interdepartamentais mensais; Criar comitê de comunicação com representantes das áreas; Medir alinhamento por pesquisas pulse."
Comunicação Interna;Médio;Sobrecarga de mensagens em canais digitais;"Definir regras de uso para cada canal; Implementar treinamentos sobre comunicação eficiente; Criar política de horários e limites para mensagens fora do expediente."
Comunicação Interna;Médio;Ausência de canais oficiais claros;"Selecionar e divulgar oficialmente os canais de comunicação; Treinar colaboradores no uso correto; Monitorar adesão ao canal oficial."
Comunicação Interna;Médio;Retrabalho por comunicação truncada;"Criar checklists de tarefas baseados em comunicados; Padronizar ordens de serviço/projetos; Revisar semanalmente entregas e alinhamento."
Comunicação Interna;Médio;Ruídos em momentos de crescimento rápido;"Incluir comunicação no onboarding de novos colaboradores; Criar rituais de integração entre áreas; Monitorar clareza da comunicação via pesquisas."
Comunicação Interna;Grande;Excesso de comunicados sem relevância prática;"Segmentar comunicados por público; Criar política de envio com revisão de relevância; Usar analytics para medir engajamento com mensagens."
Comunicação Interna;Grande;Dificuldade de transparência nas decisões;"Estabelecer política de transparência corporativa; Realizar townhalls trimestrais; Criar relatórios de decisões publicados internamente."
Comunicação Interna;Grande;Baixa efetividade na cascata de informações;"Treinar líderes para comunicação clara; Criar materiais de apoio padronizados; Monitorar impacto das comunicações com pesquisas internas."
Comunicação Interna;Grande;Ruídos entre unidades, filiais e países;"Criar equipe dedicada de comunicação corporativa global; Traduzir e adaptar comunicados para contextos locais; Estabelecer canais oficiais multilíngues."
Comunicação Interna;Grande;Uso excessivo de jargões corporativos;"Criar guia de linguagem clara; Treinar comunicadores internos; Revisar comunicados com foco em acessibilidade de linguagem."
Comunicação Interna;Grande;Comunicação top-down sem espaço para retorno;"Criar canais de feedback anônimos; Estabelecer fóruns abertos de discussão; Incluir métricas de engajamento e resposta em relatórios de comunicação."
Reconhecimento e Valorização;Pequeno;Falta de práticas formais de reconhecimento;"Criar rituais simples de agradecimento público em reuniões semanais; Implementar mural físico/digital para destacar conquistas; Treinar gestores para reconhecer verbalmente de forma estruturada."
Reconhecimento e Valorização;Pequeno;Dependência de reconhecimento apenas verbal;"Padronizar comunicações de reconhecimento via e-mail ou mural; Definir pequenos prêmios simbólicos de baixo custo; Estabelecer política simples de registro de conquistas."
Reconhecimento e Valorização;Pequeno;Confusão entre reconhecimento e amizade;"Criar código de conduta sobre critérios de reconhecimento; Treinar gestores sobre imparcialidade; Implementar pesquisa anônima de percepção de favoritismo."
Reconhecimento e Valorização;Pequeno;Falta de critérios claros para aumentos ou promoções;"Definir política simples de promoções baseada em mérito e resultados; Documentar critérios e divulgar internamente; Estabelecer processo de revisão anual de cargos e salários."
Reconhecimento e Valorização;Pequeno;Reconhecimento apenas em momentos de crise;"Estabelecer calendário regular de valorização; Promover reuniões de celebração trimestral; Incluir reconhecimento em avaliações de desempenho."
Reconhecimento e Valorização;Pequeno;Pouca valorização simbólica;"Criar programas simples de ‘colaborador do mês’; Oferecer certificados ou cartas de agradecimento; Organizar rituais de celebração em marcos importantes."
Reconhecimento e Valorização;Médio;Reconhecimento desigual entre áreas;"Padronizar política corporativa de reconhecimento; Treinar gestores em práticas de valorização; Criar comitê de RH para validar premiações."
Reconhecimento e Valorização;Médio;Falta de critérios claros para promoções e aumentos;"Implementar plano de cargos e salários formal; Definir critérios objetivos em avaliação de desempenho; Comunicar critérios em workshops de transparência."
Reconhecimento e Valorização;Médio;Ausência de rituais ou práticas consistentes de valorização;"Estabelecer calendário anual de valorização; Criar campanhas temáticas de reconhecimento; Incluir feedback positivo obrigatório em avaliações."
Reconhecimento e Valorização;Médio;Gestores sem preparo para reconhecer;"Treinar gestores em reconhecimento efetivo; Realizar roleplays em workshops de liderança; Acompanhar práticas por meio de pesquisa de engajamento."
Reconhecimento e Valorização;Médio;Valorização concentrada só em cargos de liderança;"Criar programas de valorização para todos os níveis; Garantir equidade na comunicação dos reconhecimentos; Medir impacto por níveis hierárquicos."
Reconhecimento e Valorização;Médio;Reconhecimento atrelado apenas a métricas financeiras;"Incluir comportamentos e atitudes como critérios; Criar programa de reconhecimento por valores vividos; Diversificar prêmios além de bônus financeiros."
Reconhecimento e Valorização;Grande;Programas de reconhecimento engessados;"Revisar programas corporativos para incluir flexibilidade; Segmentar iniciativas por áreas/unidades; Ouvir colaboradores na definição de critérios."
Reconhecimento e Valorização;Grande;Reconhecimento pouco conectado à realidade da equipe;"Realizar grupos focais para entender preferências; Personalizar premiações por perfil de colaborador; Integrar líderes no desenho das ações."
Reconhecimento e Valorização;Grande;Baixa conexão entre resultados e recompensas;"Estabelecer KPIs claros para meritocracia; Criar auditoria periódica sobre coerência dos reconhecimentos; Associar reconhecimento a resultados + valores organizacionais."
Reconhecimento e Valorização;Grande;Excesso de processos para premiar;"Simplificar fluxos de aprovação; Automatizar parte do processo em sistema de RH; Definir SLA de tempo máximo para conceder reconhecimento."
Reconhecimento e Valorização;Grande;Foco em grandes campanhas e não no dia a dia;"Equilibrar campanhas globais com práticas contínuas; Criar rituais mensais de reconhecimento local; Mensurar impacto de pequenas ações versus campanhas."
Reconhecimento e Valorização;Grande;Desigualdade de acesso a benefícios de valorização;"Auditar distribuição de benefícios entre áreas/filiais; Criar política de equidade de acesso; Incluir representantes locais na definição de práticas."
Desenvolvimento e Carreira;Pequeno;Falta de plano de carreira estruturado;"Criar trilhas simples de progressão com base em tempo e resultados; Comunicar oportunidades de crescimento de forma transparente; Realizar check-ins semestrais sobre expectativas de carreira."
Desenvolvimento e Carreira;Pequeno;Poucas oportunidades de capacitação;"Firmar parcerias com cursos online gratuitos ou de baixo custo; Promover treinamentos internos ministrados por colaboradores; Incentivar aprendizado contínuo com reembolso simbólico de cursos."
Desenvolvimento e Carreira;Pequeno;Ausência de feedback estruturado;"Implementar rotina de feedback trimestral; Treinar gestores em feedback construtivo; Criar formulário simples de avaliação de desempenho."
Desenvolvimento e Carreira;Pequeno;Crescimento limitado pela estrutura enxuta;"Oferecer job rotation interno em diferentes funções; Valorizar crescimento horizontal (ampliar responsabilidades); Criar plano de reconhecimento simbólico para contribuições extras."
Desenvolvimento e Carreira;Pequeno;Pouca clareza sobre expectativas;"Definir descrições básicas de cargos; Documentar responsabilidades por função; Apresentar essas informações no onboarding."
Desenvolvimento e Carreira;Pequeno;Promoções subjetivas;"Definir critérios objetivos para promoções; Documentar casos de promoção e divulgá-los internamente; Revisar promoções anualmente com participação do RH."
Desenvolvimento e Carreira;Médio;Ausência de plano de desenvolvimento individual (PDI);"Implementar PDIs formais para todos os colaboradores; Treinar líderes para acompanhamento contínuo dos PDIs; Revisar PDIs semestralmente com metas claras."
Desenvolvimento e Carreira;Médio;Pouca clareza nas trilhas de carreira;"Desenhar trilhas de carreira por área; Comunicar trilhas em workshops de RH; Disponibilizar material visual sobre caminhos de crescimento."
Desenvolvimento e Carreira;Médio;Desigualdade de acesso a oportunidades de desenvolvimento;"Auditar acesso a treinamentos por área/gênero; Criar política de equidade em capacitações; Reservar orçamento de treinamento distribuído proporcionalmente."
Desenvolvimento e Carreira;Médio;Feedback inconsistente entre gestores;"Treinar todos os líderes em metodologia única de feedback; Padronizar formulários de avaliação de desempenho; Acompanhar consistência via RH."
Desenvolvimento e Carreira;Médio;Carreira estagnada em áreas administrativas;"Criar planos horizontais de progressão (níveis); Oferecer treinamentos específicos para áreas administrativas; Criar programas de mobilidade interna."
Desenvolvimento e Carreira;Médio;Dificuldade em reter talentos em crescimento;"Estabelecer plano de retenção para high potentials; Oferecer mentorias com líderes seniores; Reconhecer talentos em rituais de valorização."
Desenvolvimento e Carreira;Grande;Excesso de burocracia em planos de carreira;"Simplificar critérios de progressão; Automatizar parte do processo em sistema de RH; Estabelecer SLA para análise de promoções."
Desenvolvimento e Carreira;Grande;Planos de carreira pouco conectados às realidades locais;"Adaptar políticas globais à realidade de cada unidade; Realizar grupos focais para entender expectativas locais; Permitir customização parcial das trilhas de carreira."
Desenvolvimento e Carreira;Grande;Desigualdade entre áreas estratégicas e operacionais;"Garantir orçamento de treinamento equilibrado entre áreas; Auditar promoções por nível e área; Criar programas específicos de crescimento para áreas operacionais."
Desenvolvimento e Carreira;Grande;Baixa efetividade dos programas de treinamento;"Medir impacto com avaliação de reação e aprendizado; Estabelecer KPIs de transferência de aprendizado; Ajustar conteúdos com base nos resultados."
Desenvolvimento e Carreira;Grande;Promoções atreladas mais ao tempo de casa que ao mérito;"Revisar critérios de progressão de carreira; Incluir métricas de performance e competências; Divulgar publicamente critérios de promoção."
Desenvolvimento e Carreira;Grande;Dificuldade de retenção de talentos estratégicos;"Criar programas estruturados de sucessão; Oferecer planos de carreira diferenciados para talentos-chave; Estabelecer mentorias exclusivas para potenciais sucessores."
Cultura e Valores Organizacionais;Pequeno;Valores não formalizados ou comunicados;"Documentar missão, visão e valores da empresa; Comunicar valores no onboarding de novos colaboradores; Reforçar valores em reuniões semanais e materiais internos."
Cultura e Valores Organizacionais;Pequeno;Cultura baseada no fundador;"Promover rodas de conversa para discutir cultura desejada; Estabelecer rituais que não dependam do fundador; Criar manual de cultura simples e acessível."
Cultura e Valores Organizacionais;Pequeno;Falta de clareza sobre comportamentos esperados;"Definir exemplos práticos de comportamentos alinhados aos valores; Incluir esses comportamentos nas avaliações de desempenho; Realizar workshops de ética e conduta."
Cultura e Valores Organizacionais;Pequeno;Práticas informais de gestão de pessoas;"Padronizar processos básicos (feedback, reconhecimento); Definir regras mínimas de convivência em código de conduta; Treinar líderes em práticas consistentes."
Cultura e Valores Organizacionais;Pequeno;Desconexão entre discurso e prática;"Revisar coerência entre valores declarados e ações reais; Incluir colaboradores em debates sobre cultura; Realizar pesquisas rápidas sobre percepção cultural."
Cultura e Valores Organizacionais;Médio;Falta de alinhamento cultural entre áreas;"Realizar workshops interdepartamentais sobre valores; Criar embaixadores de cultura em cada área; Medir aderência cultural em pesquisas de clima."
Cultura e Valores Organizacionais;Médio;Valores pouco aplicados no dia a dia;"Incluir valores em avaliações de desempenho; Reconhecer publicamente quem pratica valores; Criar rituais de celebração conectados aos valores."
Cultura e Valores Organizacionais;Médio;Resistência cultural a mudanças;"Promover treinamentos de gestão de mudança; Comunicar benefícios das mudanças de forma clara; Identificar lideranças resistentes e aplicar coaching."
Cultura e Valores Organizacionais;Médio;Discurso de valores sem exemplos práticos;"Compartilhar casos reais de aplicação dos valores; Documentar boas práticas em canais internos; Usar storytelling em campanhas de RH."
Cultura e Valores Organizacionais;Médio;Cultura focada só em resultados financeiros;"Equilibrar métricas de negócio com métricas de pessoas; Incluir indicadores de engajamento no scorecard; Criar programas de reconhecimento baseados em valores."
Cultura e Valores Organizacionais;Grande;Valores globais pouco adaptados à realidade local;"Traduzir e contextualizar valores globais; Realizar grupos focais para alinhar práticas locais; Criar materiais específicos para cada unidade/região."
Cultura e Valores Organizacionais;Grande;Cultura percebida como marketing e não prática real;"Mensurar percepção de autenticidade em pesquisas internas; Acompanhar coerência entre discurso e prática via auditorias; Promover líderes que vivenciam valores no dia a dia."
Cultura e Valores Organizacionais;Grande;Fragmentação cultural entre áreas e países;"Definir rituais corporativos globais; Investir em plataformas colaborativas que conectem filiais; Realizar intercâmbio de líderes entre unidades."
Cultura e Valores Organizacionais;Grande;Falta de responsabilização por comportamentos antiéticos;"Implementar canal de denúncia estruturado; Criar política de tolerância zero para desvios; Monitorar casos com comitê de ética independente."
Cultura e Valores Organizacionais;Grande;Excesso de foco em compliance sem engajamento;"Equilibrar treinamentos obrigatórios com ações práticas; Criar campanhas criativas sobre cultura e valores; Reconhecer líderes que engajam no tema."
Relacionamento com a equipe;Pequeno;Conflitos pessoais não mediados;"Criar canal simples de mediação conduzido pelo RH ou gestor treinado; Estabelecer rituais de alinhamento semanal para resolução de atritos; Treinar líderes em mediação básica de conflitos."
Relacionamento com a equipe;Pequeno;Excesso de proximidade que gera favoritismo;"Definir política clara de imparcialidade nas decisões; Promover rodas de conversa sobre ética e convivência; Implementar pesquisa anônima para medir percepção de justiça."
Relacionamento com a equipe;Pequeno;Falta de espírito de equipe em períodos de crise;"Criar dinâmicas de integração de baixo custo; Valorizar conquistas coletivas em reuniões semanais; Definir metas compartilhadas entre pares."
Relacionamento com a equipe;Pequeno;Baixa comunicação entre pares;"Incentivar reuniões rápidas (dailies); Promover almoços ou cafés coletivos de integração; Usar mural físico/digital para compartilhamento de informações."
Relacionamento com a equipe;Médio;Competição excessiva entre colaboradores;"Revisar políticas de metas e premiações para valorizar colaboração; Implementar treinamentos de trabalho em equipe; Criar programa de reconhecimento coletivo."
Relacionamento com a equipe;Médio;Falta de integração entre áreas e times;"Promover workshops interdepartamentais; Criar rituais de integração trimestral; Estabelecer objetivos compartilhados entre times."
Relacionamento com a equipe;Médio;Gestores sem preparo para lidar com conflitos;"Treinar líderes em técnicas avançadas de mediação; Criar protocolo formal de resolução de conflitos; Incluir indicadores de gestão de conflitos em avaliação de líderes."
Relacionamento com a equipe;Médio;Ambiente de fofocas e boatos;"Estabelecer política de comunicação clara e ética; Promover campanhas de conscientização sobre impacto de boatos; Criar canal confidencial para reportar situações de difamação."
Relacionamento com a equipe;Médio;Baixo senso de pertencimento;"Incluir práticas de acolhimento no onboarding; Promover eventos de integração cultural; Medir pertencimento em pesquisas de clima."
Relacionamento com a equipe;Grande;Times fragmentados e pouco colaborativos;"Criar programas de team building estruturados; Oferecer treinamentos sobre colaboração em larga escala; Incluir colaboração como critério de avaliação de desempenho."
Relacionamento com a equipe;Grande;Distanciamento entre níveis hierárquicos;"Promover encontros periódicos entre líderes e equipes; Criar canais digitais diretos para diálogo com a liderança; Medir proximidade via pesquisas pulse."
Relacionamento com a equipe;Grande;Conflitos velados entre áreas e pessoas;"Estabelecer comitês de convivência e ética; Criar processos formais de investigação de conflitos; Aplicar mediação profissional em casos graves."
Relacionamento com a equipe;Grande;Falta de valorização do trabalho coletivo;"Criar prêmios e reconhecimentos coletivos; Promover campanhas de valorização da colaboração; Mensurar impacto coletivo nos resultados das equipes."
Relacionamento com a equipe;Grande;Clima de desconfiança entre colaboradores;"Realizar pesquisas de confiança regularmente; Promover programas de transparência na gestão; Incluir indicadores de confiança nos relatórios de clima."
Relacionamento entre equipes;Pequeno;Falta de colaboração entre áreas;"Criar reuniões mensais de alinhamento interáreas; Definir objetivos comuns entre setores; Promover eventos simples de integração."
Relacionamento entre equipes;Pequeno;Informações retidas em silos;"Criar planilhas ou pastas compartilhadas de informações; Definir responsáveis pela comunicação entre áreas; Promover rituais de troca de aprendizados mensais."
Relacionamento entre equipes;Pequeno;Conflitos de prioridades entre equipes;"Estabelecer reuniões de priorização com RH como mediador; Documentar acordos em atas simples; Criar canal único para solicitações interáreas."
Relacionamento entre equipes;Pequeno;Baixa confiança entre setores;"Promover rodas de conversa entre equipes; Implementar pesquisa pulse de confiança; Valorizar exemplos positivos de colaboração interáreas."
Relacionamento entre equipes;Médio;Competição entre áreas por recursos;"Criar comitê de alocação de recursos com critérios claros; Estabelecer KPIs compartilhados entre áreas; Medir impacto das disputas em pesquisas de clima."
Relacionamento entre equipes;Médio;Comunicação falha em projetos conjuntos;"Implantar plano de comunicação de projetos; Treinar gestores de projeto em técnicas colaborativas; Definir responsáveis por comunicação em cada iniciativa."
Relacionamento entre equipes;Médio;Falta de processos de integração;"Criar onboarding interdepartamental; Estabelecer workshops de integração trimestrais; Documentar processos de trabalho conjunto."
Relacionamento entre equipes;Médio;Metas desalinhadas entre áreas;"Revisar metas com alinhamento corporativo; Criar scorecards compartilhados; Estabelecer rituais de revisão trimestral."
Relacionamento entre equipes;Médio;Conflitos entre áreas técnicas e administrativas;"Promover encontros de alinhamento cultural; Realizar programas de job rotation curtos; Criar mediação formal em conflitos interáreas."
Relacionamento entre equipes;Grande;Silos organizacionais estruturais;"Implementar programas de integração corporativa; Adotar plataformas colaborativas globais; Estabelecer KPIs de colaboração interáreas."
Relacionamento entre equipes;Grande;Excesso de burocracia na comunicação entre áreas;"Revisar processos de fluxo interdepartamental; Automatizar pedidos via sistema de gestão; Criar SLA para resposta de solicitações."
Relacionamento entre equipes;Grande;Conflitos de poder entre departamentos;"Estabelecer comitê de governança corporativa; Incluir auditorias de RH em disputas críticas; Criar métricas de cooperação como parte da avaliação de líderes."
Relacionamento entre equipes;Grande;Baixa cooperação em projetos estratégicos;"Criar squads multifuncionais para projetos-chave; Definir lideranças compartilhadas; Monitorar integração com pesquisas pulse específicas."
Relacionamento entre equipes;Grande;Falta de visão sistêmica das áreas;"Promover treinamentos em visão de negócio; Implementar programas de job rotation estruturado; Valorizar líderes que promovem colaboração interáreas."
Ambiente e Bem-estar no Trabalho;Pequeno;Infraestrutura precária;"Realizar checklists básicos de condições de trabalho; Investir em melhorias de baixo custo como iluminação e ventilação; Priorizar compras essenciais para segurança e conforto."
Ambiente e Bem-estar no Trabalho;Pequeno;Excesso de improviso no ambiente físico;"Definir política mínima de ergonomia; Oferecer orientações de postura e uso correto de equipamentos; Estabelecer cronograma simples de manutenção preventiva."
Ambiente e Bem-estar no Trabalho;Pequeno;Falta de iniciativas de saúde e bem-estar;"Promover alongamentos coletivos semanais; Criar grupos de caminhada ou esporte entre colaboradores; Firmar parcerias locais para descontos em academias."
Ambiente e Bem-estar no Trabalho;Pequeno;Estresse elevado em períodos de crise;"Oferecer rodas de conversa e apoio emocional básico; Capacitar líderes para identificar sinais de sobrecarga; Definir plano emergencial para redistribuir demandas."
Ambiente e Bem-estar no Trabalho;Médio;Ambiente físico inadequado;"Realizar laudos ergonômicos periódicos; Investir em mobiliário e equipamentos adequados; Disponibilizar espaço de descanso para colaboradores."
Ambiente e Bem-estar no Trabalho;Médio;Baixa priorização da saúde mental;"Implementar programa de apoio psicológico; Promover campanhas internas de saúde mental; Treinar gestores para lidar com situações de estresse."
Ambiente e Bem-estar no Trabalho;Médio;Falta de políticas de qualidade de vida;"Criar política de home office ou flexibilidade; Estabelecer programas de incentivo à atividade física; Oferecer benefícios de saúde ampliados."
Ambiente e Bem-estar no Trabalho;Médio;Excesso de pressão por resultados;"Revisar metas e prazos para equilibrar demandas; Criar canais de escuta ativa sobre carga emocional; Acompanhar índices de absenteísmo relacionados ao estresse."
Ambiente e Bem-estar no Trabalho;Médio;Clima organizacional com baixa energia;"Promover eventos de integração com foco em bem-estar; Realizar pesquisas pulse sobre motivação; Implementar iniciativas de reconhecimento ligadas ao bem-estar."
Ambiente e Bem-estar no Trabalho;Grande;Programas de bem-estar genéricos e pouco efetivos;"Segmentar programas de acordo com perfis de colaboradores; Medir impacto das iniciativas com KPIs específicos; Ajustar continuamente com base em feedbacks."
Ambiente e Bem-estar no Trabalho;Grande;Ambientes de trabalho massificados e impessoais;"Criar espaços colaborativos e de convivência; Promover iniciativas de personalização por equipe/unidade; Implementar programas de embaixadores de bem-estar."
Ambiente e Bem-estar no Trabalho;Grande;Alta incidência de burnout;"Monitorar indicadores de sobrecarga com pesquisas pulse; Oferecer programas de apoio psicológico estruturado; Ajustar políticas de metas e produtividade."
Ambiente e Bem-estar no Trabalho;Grande;Falta de integração entre saúde ocupacional e gestão de pessoas;"Integrar dados de saúde ocupacional aos relatórios de RH; Criar comitês multidisciplinares de saúde e bem-estar; Definir protocolos de acompanhamento de casos críticos."
Ambiente e Bem-estar no Trabalho;Grande;Benefícios de bem-estar mal distribuídos;"Auditar acesso a benefícios de saúde e qualidade de vida; Garantir equidade entre unidades e cargos; Criar política de inclusão em programas de bem-estar."
Carga de Trabalho;Pequeno;Acúmulo de funções em poucos colaboradores;"Revisar periodicamente a distribuição de tarefas; Estabelecer prioridades claras com apoio do RH; Avaliar possibilidade de contratações pontuais ou temporárias."
Carga de Trabalho;Pequeno;Ausência de métricas de carga de trabalho;"Criar planilha simples para monitorar horas extras; Acompanhar relatos de sobrecarga em reuniões semanais; Definir limite informal de horas extras mensais."
Carga de Trabalho;Pequeno;Falta de clareza nas responsabilidades;"Documentar responsabilidades por cargo; Comunicar escopo de funções no onboarding; Revisar funções periodicamente para evitar acúmulos."
Carga de Trabalho;Pequeno;Pressão em períodos de alta demanda;"Criar plano emergencial de redistribuição de tarefas; Definir critérios de horas extras remuneradas ou banco de horas; Realizar check-ins semanais para monitorar sobrecarga."
Carga de Trabalho;Médio;Sobrecarga recorrente de equipes específicas;"Mensurar carga de trabalho com ferramentas de RH; Redistribuir demandas entre áreas de apoio; Contratar reforço temporário em períodos críticos."
Carga de Trabalho;Médio;Falta de políticas de horas extras;"Criar política formal de horas extras e banco de horas; Garantir compensações justas e transparentes; Acompanhar cumprimento em relatórios mensais."
Carga de Trabalho;Médio;Metas desproporcionais à capacidade da equipe;"Revisar metas com base em indicadores de capacidade; Incluir colaboradores no processo de definição de metas; Equilibrar métricas de produtividade com qualidade de vida."
Carga de Trabalho;Médio;Baixa automação de processos;"Mapear tarefas repetitivas para simplificação; Investir em softwares acessíveis de produtividade; Treinar colaboradores em uso de ferramentas digitais."
Carga de Trabalho;Médio;Falta de acompanhamento da saúde dos colaboradores;"Criar pesquisa pulse sobre sobrecarga e estresse; Oferecer treinamentos de gestão de tempo e prioridades; Integrar indicadores de saúde ao RH."
Carga de Trabalho;Grande;Excesso de horas extras generalizadas;"Monitorar horas extras via sistema de ponto integrado; Estabelecer metas de redução progressiva de horas extras; Auditar gestores que sobrecarregam equipes."
Carga de Trabalho;Grande;Metas agressivas e irrealistas;"Alinhar metas a benchmarks de mercado; Criar comitê de revisão de metas com RH e áreas estratégicas; Associar metas a indicadores de sustentabilidade organizacional."
Carga de Trabalho;Grande;Distribuição desigual de carga entre áreas;"Analisar dados de produtividade por setor; Criar política de balanceamento de carga de trabalho; Realocar recursos humanos com base em picos de demanda."
Carga de Trabalho;Grande;Cultura de valorização da sobrecarga;"Promover campanhas contra a ‘glorificação do excesso de trabalho’; Reconhecer líderes que equilibram demandas; Incluir saúde e equilíbrio como critério em promoções."
Carga de Trabalho;Grande;Falta de integração entre gestão de pessoas e metas de negócio;"Integrar dados de RH aos sistemas de planejamento estratégico; Definir KPIs de equilíbrio entre performance e bem-estar; Revisar metas corporativas com olhar de sustentabilidade humana."
Remuneração e Benefícios;Pequeno;Salários abaixo da média de mercado;"Realizar pesquisa salarial simples usando benchmarks públicos ou sindicatos; Estabelecer revisão salarial anual baseada em desempenho e capacidade financeira; Oferecer reconhecimento não financeiro como flexibilização de horários, home office e folga no aniversário."
Remuneração e Benefícios;Pequeno;Falta de benefícios básicos;"Negociar convênios médicos ou odontológicos coletivos de baixo custo; Oferecer vale-transporte ou auxílio combustível básico; Iniciar oferta de vale-refeição ou alimentação em valores simbólicos, mas progressivos."
Remuneração e Benefícios;Pequeno;Ausência de clareza sobre pacotes de benefícios;"Comunicar em uma cartilha simples os benefícios existentes; Reforçar em reuniões gerais o valor agregado dos benefícios; Criar um canal para sugestões de novos benefícios prioritários."
Remuneração e Benefícios;Médio;Benefícios pouco competitivos em relação ao mercado;"Ampliar o valor do VA/VR conforme média setorial; Negociar convênios médicos com cobertura nacional; Implementar auxílio home office (internet, energia, equipamentos básicos)."
Remuneração e Benefícios;Médio;Falta de flexibilidade nos benefícios;"Oferecer opção entre VA e VR conforme necessidade do colaborador; Incluir auxílio academia, psicoterapia ou bem-estar como benefício opcional; Criar programa de auxílio educação (cursos técnicos, graduação, idiomas)."
Remuneração e Benefícios;Médio;Comunicação insuficiente sobre benefícios;"Disponibilizar manual digital de benefícios atualizado; Criar FAQs em canais internos explicando regras de uso; Oferecer workshops curtos para explicar cobertura de convênio ou regras de VR/VA."
Remuneração e Benefícios;Médio;Desalinhamento entre performance e remuneração variável;"Criar programa de bônus vinculado a metas semestrais; Oferecer premiações pontuais em forma de voucher (VA extra, cartão-presente); Padronizar critérios de elegibilidade de PLR ou bônus anuais."
Remuneração e Benefícios;Médio;Gestores sem preparo para falar de remuneração;"Treinar gestores em conversas salariais difíceis; Padronizar discursos e materiais de apoio do RH; Incluir avaliação de clareza salarial em pesquisas internas."
Remuneração e Benefícios;Grande;Política salarial defasada em relação ao mercado;"Realizar pesquisa salarial anual com consultorias especializadas; Atualizar tabela de cargos e salários globalmente; Criar mecanismos de correção automática para faixas defasadas."
Remuneração e Benefícios;Grande;Benefícios padronizados que não atendem diversidade da força de trabalho;"Implementar plano de benefícios flexíveis (beneflex/total rewards); Oferecer opções como auxílio creche, previdência privada e bem-estar; Incluir telemedicina e rede ampliada de convênios médicos/odontológicos."
Remuneração e Benefícios;Grande;Falta de equidade na distribuição de benefícios;"Realizar auditoria de acesso e satisfação por cargo, gênero e região; Ajustar valores de VA/VR por custo de vida regional; Oferecer benefícios inclusivos (auxílio para PcDs, programas de saúde mental)."
Remuneração e Benefícios;Grande;Comunicação falha sobre o pacote total de remuneração;"Criar dashboard individual de remuneração e benefícios no portal RH; Disponibilizar simulador de remuneração total (salário + bônus + benefícios); Realizar campanhas internas de valorização do pacote global."
Remuneração e Benefícios;Grande;Programas pouco integrados ao bem-estar;"Oferecer plano de saúde premium com cobertura ampla; Criar parcerias com academias, plataformas de bem-estar e terapia online; Disponibilizar crédito flexível em cartão multibenefícios (VA, VR, mobilidade, educação)."
Remuneração e Benefícios;Grande;Processos lentos de atualização de benefícios;"Revisar portfólio de benefícios anualmente com pesquisa interna; Automatizar gestão via plataformas digitais de benefícios; Criar comitê interno para avaliação contínua de novos benefícios."
Diversidade, Inclusão e Equidade;Pequeno;Ausência de políticas formais de diversidade;"Criar código de conduta simples incluindo diversidade; Realizar rodas de conversa sobre respeito e inclusão; Divulgar compromissos de diversidade em canais internos."
Diversidade, Inclusão e Equidade;Pequeno;Contratações baseadas em afinidade pessoal;"Treinar gestores para processos seletivos imparciais; Usar roteiros estruturados de entrevistas; Incluir pelo menos dois avaliadores nas entrevistas."
Diversidade, Inclusão e Equidade;Pequeno;Pouca representatividade de grupos minorizados;"Firmar parcerias com organizações locais de inclusão; Promover campanhas de conscientização internas; Valorizar histórias de colaboradores diversos."
Diversidade, Inclusão e Equidade;Pequeno;Falta de conhecimento sobre vieses inconscientes;"Realizar treinamentos curtos sobre vieses; Incluir discussões em reuniões de equipe; Fornecer materiais de leitura acessíveis."
Diversidade, Inclusão e Equidade;Médio;Políticas de diversidade pouco estruturadas;"Criar política formal de diversidade e inclusão; Formar comitê interno de diversidade; Estabelecer metas de representatividade."
Diversidade, Inclusão e Equidade;Médio;Baixa inclusão de pessoas com deficiência;"Adequar estrutura física e digital à acessibilidade; Promover campanhas internas de conscientização; Monitorar contratação e retenção de PcDs."
Diversidade, Inclusão e Equidade;Médio;Falta de dados sobre diversidade na empresa;"Implementar questionário voluntário de diversidade; Mapear indicadores demográficos no RH; Publicar relatórios internos anuais."
Diversidade, Inclusão e Equidade;Médio;Dificuldade em engajar lideranças no tema;"Treinar gestores em liderança inclusiva; Incluir indicadores de diversidade em metas de liderança; Promover líderes que se destacam em práticas inclusivas."
Diversidade, Inclusão e Equidade;Médio;Práticas de inclusão limitadas a datas comemorativas;"Criar calendário contínuo de ações inclusivas; Incluir diversidade em programas de reconhecimento; Promover debates e workshops regulares."
Diversidade, Inclusão e Equidade;Grande;Programas de diversidade simbólicos e pouco efetivos;"Mensurar impacto real de programas existentes; Revisar iniciativas para evitar tokenismo; Ampliar representatividade em cargos de liderança."
Diversidade, Inclusão e Equidade;Grande;Desigualdade de oportunidades entre grupos;"Estabelecer programas de mentoria para grupos minorizados; Auditar promoções e aumentos por gênero/raça; Implementar política clara de equidade salarial."
Diversidade, Inclusão e Equidade;Grande;Baixa representatividade em cargos de liderança;"Criar metas de diversidade em níveis estratégicos; Promover líderes de grupos diversos como embaixadores; Garantir sucessão inclusiva em programas de liderança."
Diversidade, Inclusão e Equidade;Grande;Falta de integração entre diversidade e estratégia de negócio;"Incluir diversidade como KPI corporativo; Criar relatórios anuais públicos de diversidade; Integrar ações de inclusão ao planejamento estratégico."
Diversidade, Inclusão e Equidade;Grande;Casos de discriminação pouco investigados;"Implementar canal de denúncia anônimo e estruturado; Criar comitê de ética para acompanhar casos; Aplicar sanções claras para comportamentos discriminatórios."
Recursos, Ferramentas e Estrutura;Pequeno;Falta de sistemas de gestão;"Adotar planilhas estruturadas ou softwares gratuitos de gestão; Mapear processos prioritários para digitalização; Definir cronograma de migração gradual para sistemas simples."
Recursos, Ferramentas e Estrutura;Pequeno;Uso de ferramentas improvisadas;"Criar checklist mínimo de ferramentas oficiais; Treinar colaboradores para uso correto dessas ferramentas; Substituir soluções improvisadas por alternativas acessíveis."
Recursos, Ferramentas e Estrutura;Pequeno;Estrutura física insuficiente;"Investir em melhorias básicas de infraestrutura (iluminação, ventilação, ergonomia); Reaproveitar espaços de forma funcional; Criar plano de manutenção preventiva simples."
Recursos, Ferramentas e Estrutura;Pequeno;Baixo investimento em tecnologia;"Priorizar aquisições de maior impacto no trabalho diário; Negociar licenças básicas com fornecedores; Realizar levantamento anual de necessidades tecnológicas."
Recursos, Ferramentas e Estrutura;Pequeno;Dependência de soluções caseiras;"Documentar processos usados em planilhas e macros; Avaliar migração gradual para softwares acessíveis; Criar canal de suporte básico para dúvidas sobre soluções caseiras."
Recursos, Ferramentas e Estrutura;Pequeno;Falta de padronização nos processos;"Mapear fluxos de trabalho recorrentes; Documentar procedimentos em manual simples; Treinar equipe em boas práticas de padronização."
Recursos, Ferramentas e Estrutura;Médio;Ferramentas desconectadas entre si;"Adotar softwares que permitam integração de dados; Criar governança para escolha de ferramentas; Estabelecer plano de consolidação tecnológica."
Recursos, Ferramentas e Estrutura;Médio;Infraestrutura tecnológica defasada;"Realizar auditoria de equipamentos e softwares; Planejar substituição gradual de recursos críticos; Negociar atualização tecnológica em contratos corporativos."
Recursos, Ferramentas e Estrutura;Médio;Dificuldade de padronizar processos;"Mapear e desenhar fluxos interdepartamentais; Definir responsáveis pela padronização de processos; Treinar equipes em metodologias de processos (ex.: BPM)."
Recursos, Ferramentas e Estrutura;Médio;Falta de suporte técnico estruturado;"Criar equipe de TI interna ou terceirizada; Implantar sistema de chamados com SLA definido; Mensurar tempo médio de resposta e satisfação do usuário."
Recursos, Ferramentas e Estrutura;Médio;Duplicidade de dados;"Implementar banco de dados centralizado; Criar políticas de entrada e atualização de dados; Auditar duplicidades periodicamente."
Recursos, Ferramentas e Estrutura;Médio;Baixa capacitação no uso das ferramentas;"Promover treinamentos recorrentes por área; Disponibilizar manuais e tutoriais internos; Criar métricas de adesão e uso efetivo."
Recursos, Ferramentas e Estrutura;Grande;Sistemas robustos mas pouco amigáveis;"Promover treinamentos contínuos de usabilidade; Adaptar interfaces ou fluxos para melhorar a experiência; Criar equipe de suporte dedicada por sistema."
Recursos, Ferramentas e Estrutura;Grande;Excesso de ferramentas sem integração;"Mapear todas as ferramentas utilizadas na empresa; Eliminar redundâncias e consolidar sistemas; Adotar plataforma única para centralizar integrações."
Recursos, Ferramentas e Estrutura;Grande;Burocracia para adquirir ou atualizar recursos;"Simplificar fluxos de aprovação de compras de TI; Criar orçamento anual pré-aprovado para atualizações; Delegar autonomia de aquisição para áreas críticas."
Recursos, Ferramentas e Estrutura;Grande;Alto custo de manutenção tecnológica;"Negociar contratos globais de manutenção; Avaliar alternativas de open source quando viável; Revisar periodicamente ROI de cada ferramenta."
Recursos, Ferramentas e Estrutura;Grande;Falta de adaptação local das ferramentas globais;"Personalizar sistemas de acordo com legislações locais; Criar times locais de suporte para adaptação; Ouvir colaboradores das unidades em grupos focais."
Recursos, Ferramentas e Estrutura;Grande;Colaboradores sobrecarregados com treinamentos;"Unificar treinamentos em trilhas digitais por perfil; Medir tempo gasto em capacitação versus trabalho produtivo; Ajustar carga de treinamentos para evitar sobrecarga."
Engajamento e Motivação;Pequeno;Baixa clareza de propósito;"Comunicar missão e valores em reuniões semanais; Envolver colaboradores em decisões simples do negócio; Criar mural ou documento que mostre impacto do trabalho."
Engajamento e Motivação;Pequeno;Desânimo por instabilidade financeira;"Manter comunicação transparente sobre situação financeira; Reconhecer esforços mesmo em cenários de crise; Oferecer benefícios simbólicos de baixo custo (flexibilidade, home office parcial)."
Engajamento e Motivação;Pequeno;Pouco reconhecimento formal;"Criar rotina de agradecimentos públicos em reuniões; Estabelecer reconhecimento mensal com certificados; Treinar gestores para dar feedback positivo estruturado."
Engajamento e Motivação;Pequeno;Rotina desgastante sem perspectiva de crescimento;"Oferecer job rotation interno; Promover capacitações rápidas e de baixo custo; Definir planos simples de crescimento horizontal."
Engajamento e Motivação;Pequeno;Falta de benefícios competitivos;"Negociar descontos em serviços locais; Oferecer horários flexíveis; Implantar benefícios básicos progressivamente."
Engajamento e Motivação;Pequeno;Proximidade excessiva com gestores gerando favoritismo;"Criar código de conduta para relações de trabalho; Realizar pesquisa anônima sobre percepção de justiça; Treinar líderes em imparcialidade e ética."
Engajamento e Motivação;Médio;Falta de conexão entre estratégia e rotina;"Traduzir metas estratégicas em objetivos de equipe; Criar rituais trimestrais de alinhamento estratégico; Treinar gestores em comunicação de propósito."
Engajamento e Motivação;Médio;Pouca participação em decisões relevantes;"Criar fóruns de participação interdepartamental; Promover pesquisas pulse antes de decisões-chave; Incluir representantes de áreas nas discussões estratégicas."
Engajamento e Motivação;Médio;Metas pouco inspiradoras;"Revisar metas para incluir indicadores de impacto humano; Criar campanhas internas que conectem metas ao propósito; Treinar líderes em definição de metas motivadoras."
Engajamento e Motivação;Médio;Desmotivação pela falta de reconhecimento estruturado;"Implementar programa de reconhecimento formal; Padronizar critérios de valorização; Mensurar impacto do reconhecimento em pesquisas de engajamento."
Engajamento e Motivação;Médio;Dificuldade em manter cultura de engajamento com aumento do quadro;"Criar comitês de cultura e engajamento; Realizar eventos de integração periódicos; Estabelecer embaixadores de engajamento por área."
Engajamento e Motivação;Médio;Rotatividade crescente impacta moral da equipe;"Aplicar entrevistas de desligamento estruturadas; Implementar plano de retenção de talentos; Monitorar indicadores de turnover trimestralmente."
Engajamento e Motivação;Grande;Sensação de anonimato e despersonalização;"Criar programas de reconhecimento individual digital; Promover encontros de líderes com pequenos grupos; Mensurar senso de pertencimento em pesquisas internas."
Engajamento e Motivação;Grande;Iniciativas de engajamento superficiais;"Revisar programas para medir impacto real; Criar ações segmentadas por perfil de colaborador; Estabelecer KPIs de engajamento ligados a resultados."
Engajamento e Motivação;Grande;Dificuldade de manter propósito em grande escala;"Comunicar propósito em diferentes canais e linguagens; Criar campanhas de storytelling sobre impacto organizacional; Promover líderes que exemplifiquem propósito no dia a dia."
Engajamento e Motivação;Grande;Baixa escuta ativa da liderança;"Implementar canais digitais de escuta contínua; Promover grupos focais regulares com alta liderança; Treinar executivos em práticas de escuta ativa."
Engajamento e Motivação;Grande;Programas de reconhecimento padronizados demais;"Personalizar programas de reconhecimento por unidade/região; Incluir colaboradores no desenho das iniciativas; Diversificar prêmios além de campanhas globais."
Engajamento e Motivação;Grande;Falta de vínculo entre performance e propósito organizacional;"Associar metas individuais a indicadores de propósito; Reconhecer comportamentos alinhados ao propósito; Comunicar casos reais que mostrem essa conexão."
Engajamento e Motivação;Pequeno;Baixa clareza de propósito;"Comunicar missão e valores em reuniões semanais; Envolver colaboradores em decisões simples do negócio; Criar mural ou documento que mostre impacto do trabalho."
Engajamento e Motivação;Pequeno;Desânimo por instabilidade financeira;"Manter comunicação transparente sobre situação financeira; Reconhecer esforços mesmo em cenários de crise; Oferecer benefícios simbólicos de baixo custo (flexibilidade, home office parcial)."
Engajamento e Motivação;Pequeno;Pouco reconhecimento formal;"Criar rotina de agradecimentos públicos em reuniões; Estabelecer reconhecimento mensal com certificados; Treinar gestores para dar feedback positivo estruturado."
Engajamento e Motivação;Pequeno;Rotina desgastante sem perspectiva de crescimento;"Oferecer job rotation interno; Promover capacitações rápidas e de baixo custo; Definir planos simples de crescimento horizontal."
Engajamento e Motivação;Pequeno;Falta de benefícios competitivos;"Negociar descontos em serviços locais; Oferecer horários flexíveis; Implantar benefícios básicos progressivamente."
Engajamento e Motivação;Pequeno;Proximidade excessiva com gestores gerando favoritismo;"Criar código de conduta para relações de trabalho; Realizar pesquisa anônima sobre percepção de justiça; Treinar líderes em imparcialidade e ética."
Engajamento e Motivação;Médio;Falta de conexão entre estratégia e rotina;"Traduzir metas estratégicas em objetivos de equipe; Criar rituais trimestrais de alinhamento estratégico; Treinar gestores em comunicação de propósito."
Engajamento e Motivação;Médio;Pouca participação em decisões relevantes;"Criar fóruns de participação interdepartamental; Promover pesquisas pulse antes de decisões-chave; Incluir representantes de áreas nas discussões estratégicas."
Engajamento e Motivação;Médio;Metas pouco inspiradoras;"Revisar metas para incluir indicadores de impacto humano; Criar campanhas internas que conectem metas ao propósito; Treinar líderes em definição de metas motivadoras."
Engajamento e Motivação;Médio;Desmotivação pela falta de reconhecimento estruturado;"Implementar programa de reconhecimento formal; Padronizar critérios de valorização; Mensurar impacto do reconhecimento em pesquisas de engajamento."
Engajamento e Motivação;Médio;Dificuldade em manter cultura de engajamento com aumento do quadro;"Criar comitês de cultura e engajamento; Realizar eventos de integração periódicos; Estabelecer embaixadores de engajamento por área."
Engajamento e Motivação;Médio;Rotatividade crescente impacta moral da equipe;"Aplicar entrevistas de desligamento estruturadas; Implementar plano de retenção de talentos; Monitorar indicadores de turnover trimestralmente."
Engajamento e Motivação;Grande;Sensação de anonimato e despersonalização;"Criar programas de reconhecimento individual digital; Promover encontros de líderes com pequenos grupos; Mensurar senso de pertencimento em pesquisas internas."
Engajamento e Motivação;Grande;Iniciativas de engajamento superficiais;"Revisar programas para medir impacto real; Criar ações segmentadas por perfil de colaborador; Estabelecer KPIs de engajamento ligados a resultados."
Engajamento e Motivação;Grande;Dificuldade de manter propósito em grande escala;"Comunicar propósito em diferentes canais e linguagens; Criar campanhas de storytelling sobre impacto organizacional; Promover líderes que exemplifiquem propósito no dia a dia."
Engajamento e Motivação;Grande;Baixa escuta ativa da liderança;"Implementar canais digitais de escuta contínua; Promover grupos focais regulares com alta liderança; Treinar executivos em práticas de escuta ativa."
Engajamento e Motivação;Grande;Programas de reconhecimento padronizados demais;"Personalizar programas de reconhecimento por unidade/região; Incluir colaboradores no desenho das iniciativas; Diversificar prêmios além de campanhas globais."
Engajamento e Motivação;Grande;Falta de vínculo entre performance e propósito organizacional;"Associar metas individuais a indicadores de propósito; Reconhecer comportamentos alinhados ao propósito; Comunicar casos reais que mostrem essa conexão."
Autonomia e Tomada de Decisão;Pequeno;Decisões concentradas no fundador;"Criar instâncias simples de decisão compartilhada; Delegar pequenas responsabilidades gradualmente; Registrar decisões para reduzir dependência de uma só pessoa."
Autonomia e Tomada de Decisão;Pequeno;Pouco espaço para iniciativa individual;"Incentivar sugestões em reuniões semanais; Reconhecer colaboradores que trazem ideias; Testar ideias em pequena escala antes da aprovação formal."
Autonomia e Tomada de Decisão;Pequeno;Gestão centralizadora;"Treinar gestores em delegação de tarefas; Definir responsabilidades formais por função; Criar rituais de acompanhamento ao invés de controle excessivo."
Autonomia e Tomada de Decisão;Pequeno;Conflitos de interesse entre família e empresa;"Criar regras de governança familiar simples; Separar papéis de família e gestão; Estabelecer conselhos consultivos quando possível."
Autonomia e Tomada de Decisão;Pequeno;Dependência excessiva de uma pessoa chave;"Documentar processos críticos; Treinar backups para atividades-chave; Distribuir responsabilidades de forma equilibrada."
Autonomia e Tomada de Decisão;Pequeno;Falta de processos claros de decisão;"Definir fluxos básicos de decisão (quem decide o quê); Comunicar papéis em reuniões periódicas; Criar quadro visível de responsabilidades."
Autonomia e Tomada de Decisão;Médio;Centralização em cargos médios;"Definir limites de autoridade por cargo; Criar matriz RACI para clareza de decisões; Treinar gestores médios em empoderamento da equipe."
Autonomia e Tomada de Decisão;Médio;Pouca clareza sobre autoridade de decisão;"Comunicar organograma decisório formalmente; Criar documentos simples sobre quem aprova o quê; Incluir a estrutura de decisão no onboarding."
Autonomia e Tomada de Decisão;Médio;Burocracia emergente que trava autonomia;"Mapear gargalos de aprovação; Simplificar fluxos de autorização; Delegar aprovações menores aos gestores imediatos."
Autonomia e Tomada de Decisão;Médio;Medo de tomar decisão sem respaldo;"Oferecer treinamentos de segurança psicológica; Criar política de tolerância a erros controlados; Promover cases internos de autonomia bem-sucedida."
Autonomia e Tomada de Decisão;Médio;Excesso de comitês informais;"Formalizar comitês relevantes e extinguir redundantes; Definir papéis e prazos claros para decisões coletivas; Mensurar tempo de resposta dos comitês."
Autonomia e Tomada de Decisão;Médio;Dependência de aprovações da diretoria para questões operacionais;"Delegar aprovações operacionais para gestores de linha; Criar alçadas de decisão por valor e impacto; Implementar revisão trimestral das políticas de aprovação."
Autonomia e Tomada de Decisão;Grande;Decisões excessivamente hierárquicas;"Descentralizar decisões operacionais para gestores locais; Criar fóruns horizontais de tomada de decisão; Revisar políticas que exigem múltiplas aprovações."
Autonomia e Tomada de Decisão;Grande;Baixa autonomia operacional;"Estabelecer indicadores de autonomia por área; Reconhecer líderes que promovem autonomia responsável; Treinar gestores em gestão baseada em confiança."
Autonomia e Tomada de Decisão;Grande;Excesso de comitês e aprovações;"Auditar quantidade e relevância de comitês; Eliminar redundâncias entre instâncias decisórias; Implementar tecnologia para acelerar aprovações."
Autonomia e Tomada de Decisão;Grande;Desalinhamento entre autonomia declarada e real;"Mensurar percepção de autonomia em pesquisas internas; Criar plano de ação para reduzir lacunas identificadas; Comunicar mudanças com exemplos práticos."
Autonomia e Tomada de Decisão;Grande;Tomada de decisão lenta impactando inovação;"Estabelecer fast tracks para decisões de inovação; Criar squads com autonomia temporária; Definir prazos máximos para aprovações estratégicas."
Autonomia e Tomada de Decisão;Grande;Decisões políticas mais do que técnicas;"Criar comitês técnicos independentes; Estabelecer critérios objetivos para decisões críticas; Auditar decisões para identificar influência política excessiva."
Assédio;Pequeno;Falta de políticas claras contra assédio;"Criar código de conduta simples contra assédio; Realizar reuniões de conscientização com todos os colaboradores; Definir penalidades básicas para casos confirmados."
Assédio;Pequeno;Medo de denunciar por proximidade com gestores;"Oferecer canal anônimo de denúncia (ex.: formulário digital); Reforçar compromisso de não retaliação em comunicações; Estabelecer apoio externo (sindicatos ou consultorias) em casos sensíveis."
Assédio;Pequeno;Confusão entre relações pessoais e profissionais;"Treinar equipe sobre limites no ambiente de trabalho; Reforçar práticas de respeito mútuo em reuniões semanais; Criar regras claras para interações sociais ligadas à empresa."
Assédio;Médio;Ausência de canal estruturado de denúncias;"Implantar canal formal e confidencial (e-mail ou plataforma); Comunicar amplamente o funcionamento do canal; Monitorar número de casos e tempo de resposta."
Assédio;Médio;Gestores despreparados para lidar com casos;"Treinar lideranças em prevenção e acolhimento de vítimas; Criar manual interno sobre como agir diante de denúncias; Incluir avaliação de conduta em feedbacks de liderança."
Assédio;Médio;Casos abafados por falta de investigação formal;"Definir processo padrão de investigação; Estabelecer equipe ou comitê de ética; Garantir registro e acompanhamento de todos os casos."
Assédio;Médio;Assédio moral disfarçado de cobrança por resultados;"Treinar gestores em feedback construtivo; Implementar política de metas claras e justas; Incluir monitoramento de clima organizacional contínuo."
Assédio;Grande;Cultura de silêncio e medo de retaliação;"Implementar canal de denúncia externo e independente; Divulgar relatórios anuais sobre denúncias e medidas tomadas; Reforçar proteção à vítima em todas as comunicações internas."
Assédio;Grande;Subnotificação de casos por burocracia;"Simplificar formulários de denúncia; Garantir acessibilidade ao canal em diferentes idiomas/unidades; Auditar periodicamente a eficácia do processo de denúncia."
Assédio;Grande;Assédio estrutural tolerado em algumas áreas;"Realizar auditoria cultural em áreas críticas; Criar treinamentos obrigatórios de compliance e respeito; Vincular métricas de liderança à prevenção de assédio."
Assédio;Grande;Falta de responsabilização de altos cargos;"Criar política de tolerância zero independente do cargo; Garantir investigação externa para casos envolvendo executivos; Publicar medidas disciplinares para aumentar transparência."
Assédio;Grande;Dificuldade em acompanhar casos globalmente;"Centralizar dados em sistema de compliance global; Estabelecer comitês regionais de ética; Monitorar indicadores globais de assédio e reportar ao board."
Abuso de Autoridade;Pequeno;Concentração de poder em poucos líderes;"Definir limites claros de autoridade no código de conduta; Estabelecer canais de denúncia anônimos simples; Promover rodadas de feedback entre líderes e equipes."
Abuso de Autoridade;Pequeno;Gestores usando relações pessoais para impor decisões;"Separar papéis de amizade e liderança em treinamentos; Criar regras de transparência em decisões críticas; Envolver mais de uma pessoa em aprovações relevantes."
Abuso de Autoridade;Pequeno;Falta de governança sobre líderes familiares;"Criar regras básicas de sucessão e governança; Estabelecer critérios objetivos para promoções; Formar conselhos consultivos com membros externos."
Abuso de Autoridade;Médio;Excesso de autoritarismo de gestores médios;"Treinar gestores em liderança participativa; Criar programas de avaliação 180° ou 360°; Monitorar recorrência de denúncias por gestor."
Abuso de Autoridade;Médio;Uso de cargos para favorecer interesses pessoais;"Definir políticas contra nepotismo e conflitos de interesse; Auditar aprovações de benefícios e promoções; Estabelecer comitê de ética para revisar casos."
Abuso de Autoridade;Médio;Falta de responsabilização em casos denunciados;"Formalizar investigações com prazos definidos; Garantir sanções proporcionais às ocorrências; Divulgar de forma interna e transparente as medidas aplicadas."
Abuso de Autoridade;Médio;Liderança punitiva como modelo de gestão;"Implementar treinamentos sobre feedback construtivo; Criar programa de mentoria para gestores; Incluir métricas de comportamento em avaliações de liderança."
Abuso de Autoridade;Grande;Privilégios indevidos de altos cargos;"Auditar benefícios e regalias de executivos; Criar política de compliance com tolerância zero; Estabelecer comitês independentes de governança."
Abuso de Autoridade;Grande;Abuso de poder para fins políticos;"Separar decisões estratégicas de interesses pessoais; Criar fóruns técnicos para validar decisões críticas; Estabelecer indicadores de transparência em liderança."
Abuso de Autoridade;Grande;Dificuldade em denunciar abusos de executivos;"Implantar canal de denúncia externo e independente; Garantir anonimato total e proteção do denunciante; Contratar auditoria externa para investigações de alto nível."
Abuso de Autoridade;Grande;Cultura hierárquica que reforça autoritarismo;"Promover campanhas de liderança humanizada; Treinar executivos em ética e compliance; Associar promoções à prática de liderança saudável."
Abuso de Autoridade;Grande;Decisões centralizadas que ignoram especialistas;"Criar comitês técnicos com poder real de decisão; Promover a valorização de especialistas em fóruns estratégicos; Mensurar participação técnica em decisões corporativas."
Preconceito;Pequeno;Comentários preconceituosos normalizados;"Promover rodas de conversa sobre respeito e diversidade; Inserir cláusulas de não discriminação no código de conduta; Aplicar advertências formais em casos reincidentes."
Preconceito;Pequeno;Ausência de treinamentos sobre diversidade;"Realizar workshops básicos de conscientização; Incluir diversidade em reuniões de integração; Fornecer materiais educativos acessíveis a todos."
Preconceito;Pequeno;Mistura entre relações pessoais e profissionais que reforça preconceito;"Estabelecer regras de conduta em eventos sociais; Orientar líderes a mediar conflitos de forma imparcial; Criar canal simples de denúncia anônima."
Preconceito;Médio;Estereótipos reforçados em processos seletivos;"Treinar recrutadores sobre vieses inconscientes; Padronizar roteiros de entrevistas; Garantir diversidade mínima em candidatos finalistas."
Preconceito;Médio;Casos de preconceito tratados como piada;"Realizar campanhas de conscientização; Incluir cláusulas de não tolerância em políticas internas; Promover sessões de sensibilização por área."
Preconceito;Médio;Falta de políticas formais de combate ao preconceito;"Criar política oficial de diversidade e inclusão; Comunicar regras em todos os canais da empresa; Definir consequências claras em caso de descumprimento."
Preconceito;Médio;Dificuldade em lidar com denúncias sensíveis;"Treinar RH e gestores em acolhimento de vítimas; Criar fluxo confidencial para investigação; Estabelecer comitê de ética para análise imparcial."
Preconceito;Grande;Preconceito estrutural reproduzido na cultura;"Realizar auditorias culturais periódicas; Incluir diversidade como KPI estratégico; Promover programas de inclusão com metas claras."
Preconceito;Grande;Discriminação indireta em políticas internas;"Revisar benefícios e políticas para garantir equidade; Incluir perspectiva de diversidade em todas as revisões; Mensurar impacto das políticas em grupos minorizados."
Preconceito;Grande;Casos de preconceito abafados por reputação;"Criar canal de denúncia externo e independente; Divulgar relatórios anuais de diversidade e inclusão; Garantir transparência na comunicação de medidas disciplinares."
Preconceito;Grande;Baixa representatividade em cargos estratégicos;"Criar programas de aceleração de carreira para minorias; Estabelecer metas de diversidade em liderança; Promover mentorias reversas entre líderes e grupos minorizados."
Preconceito;Grande;Dificuldade em integrar diversidade globalmente;"Adaptar políticas de diversidade ao contexto local; Garantir suporte em idiomas locais nos treinamentos; Criar rede global de embaixadores de diversidade."
